{"count":590.0,"mean":0.0453754881,"std":0.1543398625,"min":0.0,"25%":0.0012763242,"50%":0.0038289726,"75%":0.0057434588,"max":0.9119336311}